{
  "Total" : {
    "transaction" : "Total",
    "sampleCount" : 250,
    "errorCount" : 12,
    "errorPct" : 4.8,
    "meanResTime" : 1778.1999999999994,
    "medianResTime" : 2037.0,
    "minResTime" : 1.0,
    "maxResTime" : 3775.0,
    "pct1ResTime" : 2829.3,
    "pct2ResTime" : 3265.4999999999995,
    "pct3ResTime" : 3706.01,
    "throughput" : 24.084778420038536,
    "receivedKBytesPerSec" : 35.57312364523121,
    "sentKBytesPerSec" : 6.179156882225433
  },
  "HTTP Request" : {
    "transaction" : "HTTP Request",
    "sampleCount" : 250,
    "errorCount" : 12,
    "errorPct" : 4.8,
    "meanResTime" : 1778.1999999999994,
    "medianResTime" : 2037.0,
    "minResTime" : 1.0,
    "maxResTime" : 3775.0,
    "pct1ResTime" : 2829.3,
    "pct2ResTime" : 3265.4999999999995,
    "pct3ResTime" : 3706.01,
    "throughput" : 24.084778420038536,
    "receivedKBytesPerSec" : 35.57312364523121,
    "sentKBytesPerSec" : 6.179156882225433
  }
}